feature,gain_importance
last20_burst_pressure,6931.3625
top_error_group_fraud,1886.122509765625
unique_card_holder_norm_count,1694.4413330078125
last10_burst_pressure,1653.8722900390626
geo_holder_interaction,1049.0074829101563
country_contradiction_score,977.2092895507812
top_error_group_card_problem,950.7739135742188
unique_card_mask_hash_count,785.3835205078125
is_orgainc,776.61416015625
traffic_type_organic,705.5927673339844
last20_fraud_error_rate,622.773193359375
success_rate,577.037646484375
antifraud_count,523.1660034179688
holder_norm_change_count,459.74782104492186
fraud_error_rate,440.09666748046874
last10_fraud_error_rate,383.33179931640626
top_payment_country_indonesia,377.50743408203124
gender_male,305.5600067138672
top_transaction_type_card_init,304.0145721435547
reg_vs_card_country_match_rate,286.8405303955078
gender_female,279.5339324951172
max_unique_cards_in_6h,275.6493621826172
last10_unique_transactions_types,254.99820556640626
top_card_country_indonesia,244.08733520507812
max_unique_cards_in_24h,239.7875946044922
fails_per_hour_active,235.03453369140624
transaction_type_change_count,230.25161437988282
reg_vs_payment_country_match_rate,218.87840576171874
last20_unique_transactions_types,208.0421600341797
reg_country_cameroon,204.18470764160156
card_per_holder_ratio,199.57680435180663
top_error_group_other,198.07901000976562
last20_unique_holders,178.49750061035155
fail_rate,171.63831176757813
top_card_country_cameroon,169.00392303466796
reg_country_indonesia,167.99613342285156
last10_unique_holders,151.75080108642578
last20_unique_cards,144.68258819580078
fs_fraud_error_rate,142.7266418457031
top_transaction_type_google-pay,133.64052124023436
fail_count,131.77957000732422
max_unique_cards_in_1h,128.75891723632813
holder_per_card_ratio,126.89032287597657
fail_before_success_pressure,123.72580413818359
top_card_country_estonia,119.6861587524414
top_card_country_missing,113.18580017089843
fs_fail_rate,109.03827819824218
reg_country_united kingdom,106.79299774169922
top_card_country_nigeria,104.5182098388672
top_payment_country_cameroon,103.63213653564453
top_transaction_type_apple-pay,100.96060028076172
top_payment_country_missing,97.18472900390626
from_last_transaction_mean,96.98007049560547
geo_card_fail_interaction,96.52985534667968
top_error_group_none,94.59187927246094
reg_country_cambodia,91.95437622070312
traffic_type_remarketing,87.470654296875
card_pressure_contradiction,87.12658996582032
top_payment_country_gabon,85.22890663146973
last20_fail_rate,84.77565689086914
last20_fraud_error_count,82.76967086791993
last10_unique_cards,79.9429946899414
top_card_country_france,78.39005584716797
card_vs_payment_country_match_rate,77.56357116699219
fs_transactions_count,77.27378005981446
last10_fail_rate,76.63825912475586
last10_success_count,74.99255065917968
last20_success_count,74.9822769165039
last10_transactions_count,73.14972686767578
top_error_group_invalid,71.92904968261719
top_card_country_madagascar,70.90369606018066
reg_country_france,70.48370056152343
reg_country_chile,70.25227127075195
reg_country_mexico,69.97421875
top_card_country_chile,68.73321762084962
reg_country_finland,68.47313232421875
top_payment_country_madagascar,68.01032981872558
reg_country_united states,67.79745025634766
transaction_number,67.56043090820313
max_fails_in_1h,67.14622955322265
amount_std,67.01956787109376
top_card_country_brazil,66.5161636352539
top_card_country_cambodia,66.26312255859375
reg_country_missing,66.01227569580078
top_card_country_united states,65.62723846435547
top_card_country_sweden,65.08425979614258
traffic_type_unknown,64.27514839172363
reg_country_gabon,64.19247150421143
top_payment_country_france,64.03118515014648
top_payment_country_mexico,63.93946990966797
reg_country_india,63.86189397176107
reg_country_taiwan,63.196720123291016
top_card_country_united kingdom,63.06703643798828
top_transaction_type_card_recurring,62.39623031616211
reg_country_madagascar,61.93887710571289
top_payment_country_kazakhstan,61.85707187652588
top_payment_country_india,60.9837589263916
top_card_country_ghana,59.67637634277344
reg_country_kazakhstan,59.344550132751465
top_card_country_costa rica,59.12500915527344
top_payment_country_united kingdom,57.82679824829101
reg_country_wallis and futuna,56.82102966308594
max_fails_in_6h,56.52920761108398
top_card_country_gabon,56.39218940734863
success_count,56.35969772338867
amount_min,55.54614486694336
reg_country_brazil,55.44003143310547
top_card_country_australia,54.87858200073242
top_card_country_norway,54.54668426513672
top_card_country_mexico,54.43454284667969
reg_country_bahrain,54.36434364318848
reg_country_australia,54.25170822143555
first_transactions_after_reg_sec,54.14984893798828
top_payment_country_bahrain,53.93221092224121
last10_fraud_error_count,53.76869583129883
top_payment_country_chile,52.59206695556641
top_payment_country_romania,52.29928817749023
max_fails_in_24h,52.13619537353516
top_payment_country_ivory coast,51.72949981689453
reg_country_albania,51.6965835571289
reg_country_el salvador,51.655426025390625
reg_country_peru,51.59865112304688
top_card_country_honduras,51.472346496582034
top_card_country_south africa,51.32949981689453
top_card_country_kenya,51.30414505004883
amount_max,50.88388366699219
top_card_country_jamaica,50.77654774983724
transaction_type_fail_interaction,50.676397705078124
reg_country_sweden,50.53565292358398
top_payment_country_costa rica,50.51803894042969
top_payment_country_malaysia,50.39119415283203
top_payment_country_zambia,50.339881134033206
reg_country_netherlands,50.28260345458985
top_card_country_peru,49.926421356201175
top_card_country_trinidad and tobago,49.73151652018229
reg_country_costa rica,49.566253662109375
top_payment_country_honduras,49.534524536132814
reg_country_kenya,49.51010627746582
top_payment_country_albania,49.45654010772705
top_payment_country_spain,49.2561279296875
reg_country_philippines,49.19937973022461
reg_country_thailand,49.198289489746095
reg_country_barbados,48.72551727294922
last_transactions_after_reg_sec,48.706302642822266
top_card_country_israel,48.355638885498045
top_card_country_belgium,48.31626586914062
top_payment_country_australia,48.205135345458984
top_card_country_spain,48.1837890625
top_payment_country_norway,48.11169967651367
top_card_country_cyprus,47.877506256103516
top_payment_country_cyprus,47.842916107177736
top_card_country_colombia,47.724456787109375
top_card_country_kuwait,47.6222120920817
top_payment_country_germany,47.402810668945314
reg_country_south africa,47.31355743408203
top_error_group_issuer_decline,47.25505752563477
top_card_country_romania,47.068441772460936
top_payment_country_united states,46.81447067260742
top_card_country_argentina,46.772607421875
reg_country_ivory coast,46.5346736907959
top_card_country_finland,46.11014022827148
top_card_country_germany,46.06493148803711
reg_country_south korea,46.02191162109375
reg_country_aruba,46.018802642822266
top_payment_country_puerto rico,45.972920989990236
traffic_type_cpa,45.88331680297851
reg_country_portugal,45.863478088378905
reg_country_honduras,45.72764015197754
reg_country_slovenia,45.690457026163735
unique_error_group_count,45.63250503540039
reg_country_norway,45.58314590454101
top_card_country_tanzania,45.48785934448242
last10_fail_count,45.159749603271486
top_payment_country_hungary,45.057043647766115
reg_country_tanzania,45.01949768066406
top_error_group_limit,44.936720275878905
reg_country_spain,44.926734924316406
reg_country_marocco,44.919335174560544
top_payment_country_cambodia,44.86476936340332
top_card_country_taiwan,44.86418228149414
reg_country_germany,44.85620269775391
top_card_country_turkey,44.73036499023438
top_payment_country_united arab emirates,44.714867401123044
top_card_country_poland,44.66656494140625
top_payment_country_barbados,44.584473037719725
top_card_country_denmark,44.56440048217773
top_card_country_barbados,44.55739974975586
last20_fail_count,44.54847183227539
top_payment_country_the netherlands,44.543038558959964
reg_country_belgium,44.52921142578125
reg_country_serbia,44.474083709716794
reg_country_denmark,44.429690551757815
top_card_country_zambia,44.342550659179686
email_domain_hotmail.com,44.22381591796875
top_card_country_philippines,44.13457565307617
top_card_country_ivory coast,43.9583740234375
reg_country_argentina,43.71181182861328
top_card_country_haiti,43.67377758026123
reg_country_trinidad and tobago,43.60266265869141
top_payment_country_colombia,43.250855445861816
top_card_country_botswana,43.236812591552734
top_payment_country_kosovo,43.23072910308838
reg_country_puerto rico,42.95871276855469
top_payment_country_brazil,42.933284759521484
reg_country_colombia,42.87610626220703
top_card_country_uruguay,42.765350341796875
top_card_country_canada,42.71742630004883
top_payment_country_argentina,42.69945526123047
email_domain_yahoo.com,42.58267059326172
top_payment_country_portugal,42.46673431396484
top_payment_country_uruguay,42.452738189697264
fs_fail_count,42.44230194091797
reg_country_vietnam,42.411696434020996
top_card_country_croatia,41.923665364583336
top_card_country_ireland,41.71049118041992
amount_mean,41.709634399414064
last20_transactions_count,41.68560733795166
top_payment_country_pakistan,41.61879539489746
top_payment_country_dominican republic,41.48113098144531
traffic_type_ppc,41.45710678100586
top_card_country_marocco,41.42015600204468
top_payment_country_ireland,41.35670166015625
reg_country_uganda,41.22607192993164
top_payment_country_sri lanka,41.11031627655029
reg_country_malaysia,41.107244873046874
top_card_country_namibia,40.466379165649414
reg_country_austria,40.4400146484375
top_card_country_india,40.399070739746094
top_error_group_dnh,40.35294189453125
top_card_country_italy,40.06540985107422
top_card_country_pakistan,40.03482284545898
top_payment_country_switzerland,40.02320785522461
reg_country_paraguay,40.02204895019531
top_payment_country_namibia,39.99084726969401
top_payment_country_denmark,39.85129318237305
top_payment_country_peru,39.82633743286133
reg_country_botswana,39.688029289245605
top_card_country_new zealand,39.65981597900391
top_error_group_insuff,39.512847900390625
top_card_country_ethiopia,39.43285217285156
top_card_country_uganda,39.36688385009766
top_payment_country_italy,39.34327774047851
top_card_country_thailand,39.305029296875
top_payment_country_botswana,39.27125549316406
top_payment_country_belgium,39.256226539611816
top_payment_country_uganda,39.19842529296875
reg_country_romania,39.196771240234376
top_card_country_serbia,39.16625118255615
reg_country_italy,39.1109130859375
reg_country_uruguay,39.09640960693359
top_card_country_lithuania,38.85733261108398
top_card_country_switzerland,38.82056427001953
top_payment_country_south africa,38.75528793334961
top_card_country_netherlands,38.702856826782224
top_card_country_ukraine,38.3486385345459
top_payment_country_panama,38.175341033935545
top_payment_country_singapore,38.14779891967773
top_card_country_guatemala,38.103049755096436
top_card_country_united arab emirates,38.09279594421387
top_card_country_vietnam,38.01472854614258
top_payment_country_kenya,37.87486877441406
top_payment_country_serbia,37.83793334960937
top_payment_country_cabo verde,37.76063060760498
top_payment_country_canada,37.75331192016601
top_payment_country_ecuador,37.73095083236694
top_payment_country_new zealand,37.67931137084961
reg_country_cyprus,37.67884826660156
reg_country_guam,37.663047790527344
top_payment_country_benin,37.60648059844971
reg_country_united arab emirates,37.467725372314455
reg_country_sri lanka,37.38697671890259
reg_country_guatemala,37.16316604614258
reg_country_turkey,37.09120635986328
top_payment_country_morocco,37.06292839050293
reg_country_ireland,36.83466720581055
top_payment_country_finland,36.774257278442384
top_payment_country_thailand,36.6699893951416
top_payment_country_tanzania,36.60188055038452
reg_country_angola,36.49250717163086
top_error_group_cvv,36.44837074279785
reg_country_greece,36.33278942108154
top_card_country_portugal,36.3080039024353
top_payment_country_oman,36.30798212687174
top_card_country_austria,36.17053375244141
top_payment_country_sweden,36.16324119567871
reg_country_hungary,35.95360107421875
top_payment_country_jamaica,35.66206169128418
reg_country_israel,35.5081901550293
top_error_group_3ds,35.45819091796875
top_payment_country_israel,35.19564199447632
top_error_group_technical,35.03706359863281
top_card_country_singapore,34.87415390014648
top_payment_country_vietnam,34.75866508483887
top_payment_country_belize,34.74007797241211
top_payment_country_trinidad and tobago,34.71203660964966
fs_fraud_error_count,34.652182006835936
top_payment_country_croatia,34.58728370666504
top_payment_country_austria,34.423580169677734
reg_country_zambia,34.382811069488525
email_domain_gmail.com,34.26695098876953
reg_country_latvia,34.16993204752604
top_card_country_qatar,34.04805641174316
top_payment_country_poland,33.95262565612793
top_card_country_bosnia and herzegovina,33.8887619972229
reg_country_ecuador,33.872698593139646
reg_country_dominican republic,33.759432792663574
top_card_country_saint lucia,33.6983003616333
top_payment_country_saudi arabia,33.595191955566406
top_payment_country_slovenia,33.54857063293457
top_payment_country_ghana,33.52210489908854
reg_country_croatia,33.37036552429199
top_card_country_dominican republic,33.34818967183431
top_card_country_moldova,33.326438903808594
reg_country_armenia,33.19554138183594
top_payment_country_paraguay,32.5110107421875
reg_country_singapore,32.47214813232422
reg_country_panama,32.23556613922119
top_payment_country_south korea,32.09280242919922
top_card_country_fiji,32.03638877868652
top_card_country_albania,31.92780049641927
email_domain_outlook.com,31.903720474243165
reg_country_jamaica,31.78615379333496
reg_country_åland islands,31.495777130126953
reg_country_namibia,31.399503072102863
top_card_country_paraguay,31.159172439575194
reg_country_oman,31.013582229614258
top_payment_country_türkiye,30.983222579956056
top_card_country_kazakhstan,30.926152229309082
top_payment_country_bolivia,30.817855072021484
reg_country_algeria,30.793506622314453
payment_country_change_count,30.734720611572264
reg_country_niger,30.560728073120117
reg_country_saint lucia,30.222408294677734
top_card_country_togo,30.222278118133545
top_card_country_sri lanka,30.188621044158936
top_card_country_uzbekistan,30.0306453704834
top_card_country_slovenia,29.936615626017254
reg_country_guyane,29.911312103271484
reg_country_new zealand,29.746580123901367
top_payment_country_czechia,29.725494384765625
top_payment_country_senegal,29.630393981933594
top_card_country_malaysia,29.546268463134766
top_payment_country_estonia,29.311211585998535
top_card_country_ecuador,29.153030395507812
reg_country_switzerland,29.009885787963867
top_payment_country_guatemala,28.814459800720215
top_payment_country_sint maarten,28.81424903869629
top_payment_country_greece,28.66009979248047
reg_country_czech republic,28.579128583272297
top_card_country_greece,28.504729080200196
top_payment_country_guam,28.44056053161621
top_card_country_oman,28.238192081451416
top_card_country_benin,28.15773582458496
reg_country_reunion,27.994630177815754
top_payment_country_algeria,27.96721076965332
top_card_country_saudi arabia,27.890005111694336
reg_country_japan,27.864677810668944
top_payment_country_sierra leone,27.729146003723145
reg_country_canada,27.630490112304688
top_card_country_malawi,27.61664326985677
top_payment_country_saint lucia,27.612956523895264
top_card_country_angola,27.53929443359375
top_card_country_bolivia,27.38669357299805
top_payment_country_uzbekistan,27.204015159606932
reg_country_china,27.147202173868816
top_payment_country_guyana,27.08764305114746
top_card_country_puerto rico,27.038843393325806
reg_country_mauritius,26.8415584564209
reg_country_bahamas,26.835167566935223
reg_country_antarctica,26.772438049316406
top_payment_country_ukraine,26.75173282623291
top_card_country_antigua and barbuda,26.685679117838543
top_card_country_mauritius,26.40481071472168
top_card_country_kosovo,26.114787578582764
top_payment_country_el salvador,25.9965082804362
top_card_country_el salvador,25.908130645751953
top_payment_country_mauritius,25.908017730712892
top_payment_country_qatar,25.77747573852539
top_card_country_cook islands,25.71960194905599
reg_country_lithuania,25.572525024414062
reg_country_uzbekistan,25.535437266031902
reg_country_guyana,25.242053985595703
top_card_country_bahamas,24.887521743774414
top_payment_country_seychelles,24.726231575012207
reg_country_iceland,24.527122497558594
top_card_country_czech republic,24.525331497192383
top_payment_country_bahamas,24.453813076019287
reg_country_kosovo,24.299951553344727
reg_country_sierra leone,24.28009541829427
top_payment_country_rwanda,24.205474853515625
top_payment_country_slovakia,24.172328567504884
top_card_country_egypt,24.171541213989258
top_card_country_guam,24.10679308573405
top_card_country_cayman islands,23.978984832763672
top_payment_country_fiji,23.956078052520752
top_payment_country_malawi,23.889211972554524
top_card_country_hungary,23.806934356689453
top_card_country_iran,23.75309638977051
top_payment_country_philippines,23.66803855895996
reg_country_saint martin,23.5708909034729
top_payment_country_cayman islands,23.423184394836426
top_card_country_south korea,23.26910972595215
top_payment_country_réunion,23.260955810546875
top_card_country_zimbabwe,23.21726875305176
top_payment_country_japan,23.064145278930663
top_card_country_bangladesh,22.993133544921875
reg_country_luxembourg,22.958694458007812
reg_country_papua new guinea,22.70831807454427
top_payment_country_luxembourg,22.560587882995605
reg_country_poland,22.556588490804035
top_card_country_china,22.419852352142335
top_payment_country_lithuania,22.403934478759766
reg_country_fiji,22.257341384887695
reg_country_cayman islands,22.22902011871338
top_card_country_papua new guinea,22.222754669189452
top_card_country_luxembourg,21.945382436116535
top_card_country_hong kong,21.695985317230225
top_card_country_armenia,21.60236104329427
reg_country_swaziland,21.510589599609375
reg_country_mongolia,21.406570434570312
top_card_country_venezuela,21.276105880737305
top_card_country_bahrain,21.14147138595581
top_payment_country_niger,21.095055770874023
top_card_country_japan,20.967990684509278
top_card_country_cape verde,20.930845260620117
reg_country_antigua and barbuda,20.78815269470215
top_card_country_nicaragua,20.72842788696289
top_payment_country_armenia,20.662610054016113
top_payment_country_papua new guinea,20.560348510742188
top_payment_country_latvia,20.50227975845337
top_card_country_malta,20.367176055908203
reg_country_qatar,20.1964111328125
reg_country_seychelles,20.187246322631836
top_card_country_american samoa,20.044055938720703
reg_country_gambia,19.959840297698975
top_card_country_iraq,19.76355234781901
top_card_country_democratic republic of the congo,19.700748443603516
top_payment_country_french guiana,19.697635650634766
top_payment_country_mozambique,19.691057840983074
top_payment_country_federated states of micronesia,19.481002807617188
top_card_country_gambia,19.35681438446045
top_card_country_curacao,19.325637817382812
top_card_country_seychelles,19.30999692281087
reg_country_rwanda,19.103768348693848
reg_country_curacao,19.065940856933594
reg_country_saudi arabia,18.799893697102863
reg_country_pakistan,18.35146713256836
reg_country_mozambique,18.26387596130371
top_payment_country_china,18.096149444580078
top_card_country_laos,17.743545532226562
reg_country_andorra,17.71903705596924
reg_country_bolivia,17.664748191833496
top_payment_country_antigua and barbuda,17.007822036743164
reg_country_american samoa,16.739006996154785
reg_country_bulgaria,16.491506576538086
email_domain_missing,16.38848336537679
top_payment_country_angola,16.150917053222656
top_card_country_myanmar,13.988545417785645
top_payment_country_hong kong,13.58388090133667
top_payment_country_burkina faso,9.661435604095459
top_payment_country_taiwan,7.550480842590332
reg_country_ghana,6.030097961425781
reg_country_hong kong,0.7452564239501953
reg_country_burkina faso,0.16961669921875
